method,alpha,n_seeds,coverage,coverage_std,efficiency,efficiency_std
credal_bnn,,3,0.41163333333333335,0.01065144747596929,0.933316081716617,0.0005073523291311097
credal_dro,,3,0.18216666666666667,0.005704676444228304,0.9751247563496231,0.0003881969982593752
credal_ensembling,,3,0.0026,0.0004582575694955839,0.975010882230103,0.00019882662960203043
credal_relative_likelihood,0.0,3,1.0,0.0,0.0,0.0
credal_relative_likelihood,0.20000000000000004,3,0.5491666666666667,0.006312949653952,0.8090779390176137,0.005448628852469967
credal_relative_likelihood,0.4000000000000001,3,0.5008666666666667,0.02124860779753188,0.8677087787071863,0.006822199042837148
credal_relative_likelihood,0.6,3,0.45603333333333335,0.007587050371081889,0.8977598417957623,0.001576011051048909
credal_relative_likelihood,0.8000000000000002,3,0.408,0.0071714712576988,0.9266606139083704,0.0018798404988470188
credal_relative_likelihood,0.9,3,0.3287333333333333,0.016842307838694014,0.9397909338692824,0.0005631866725209575
credal_relative_likelihood,0.9499999999999998,3,0.29096666666666665,0.014707934366638059,0.9469534370839595,0.0013983655268671531
credal_relative_likelihood,1.0,3,0.3304,0.013721880337621376,0.9729482481663426,0.0006543147462065996
credal_rl_multinomial,0.0,3,1.0,0.0,0.0,0.0
credal_rl_multinomial,0.20000000000000004,3,0.9236,0.0015716233645501128,0.6977119588692983,0.008207403091030305
credal_rl_multinomial,0.4000000000000001,3,0.8597666666666667,0.0043935558871298274,0.7421024292548498,0.008151113426821385
credal_rl_multinomial,0.6,3,0.7593666666666667,0.00637364364655984,0.7757524300297102,0.007822618137920956
credal_rl_multinomial,0.8000000000000002,3,0.6550666666666667,0.006036831398451804,0.8089308027307193,0.007131132239243979
credal_rl_multinomial,0.9,3,0.6114666666666667,0.008192883090422615,0.8297374356071154,0.006664546697115799
credal_rl_multinomial,0.9499999999999998,3,0.5884999999999999,0.006199193495931567,0.8447700663805008,0.006478492326738719
credal_rl_multinomial,1.0,3,0.42993333333333333,0.0008962886439832474,1.0,0.0
credal_wrapper,,3,0.14666666666666667,0.0014047538337136907,0.9750108955537279,0.00019883005813487462
efficient_credal_prediction,0.0,3,1.0,0.0,0.0,0.0
efficient_credal_prediction,0.20000000000000004,3,0.9949333333333333,0.0002516611478423306,0.16044329481124878,0.0015307873241156096
efficient_credal_prediction,0.4000000000000001,3,0.9911,0.0006244997998398777,0.32660044803619387,0.0024812603521519295
efficient_credal_prediction,0.6,3,0.9860000000000001,0.0013453624047073509,0.491289058081309,0.0030601814645346056
efficient_credal_prediction,0.8000000000000002,3,0.9701666666666666,0.0008962886439831762,0.6700938226222992,0.0032902004608938848
efficient_credal_prediction,0.9,3,0.9403666666666667,0.0012096831541083218,0.7858594600200653,0.0032281497950671324
efficient_credal_prediction,0.9499999999999998,3,0.8872666666666666,0.0052500793644794635,0.8623188639998437,0.0028574241967433364
efficient_credal_prediction,1.0,3,0.03883333333333333,0.00662746809372428,0.9995651399959383,7.471976616707926e-05
