method,alpha,seed,coverage,efficiency
credal_bnn,,1.0,0.4001,0.9329984882056712
credal_bnn,,2.0,0.4137,0.933048548603058
credal_bnn,,3.0,0.4211,0.9339012083411216
credal_dro,,1.0,0.1819,0.974911659809947
credal_dro,,2.0,0.1766,0.975572829593718
credal_dro,,3.0,0.188,0.9748897796452044
credal_ensembling,,1.0,0.0022,0.9751022187680006
credal_ensembling,,2.0,0.0031,0.9751476290270686
credal_ensembling,,3.0,0.0025,0.9747827988952398
credal_relative_likelihood,0.0,1.0,1.0,0.0
credal_relative_likelihood,0.0,2.0,1.0,0.0
credal_relative_likelihood,0.0,3.0,1.0,0.0
credal_relative_likelihood,0.2,1.0,0.5419,0.8065090686798095
credal_relative_likelihood,0.2,2.0,0.5523,0.8153361288309098
credal_relative_likelihood,0.2,3.0,0.5533,0.8053886195421219
credal_relative_likelihood,0.4,1.0,0.4769,0.8734389923453331
credal_relative_likelihood,0.4,2.0,0.5083,0.86016223102808
credal_relative_likelihood,0.4,3.0,0.5174,0.869525112748146
credal_relative_likelihood,0.6,1.0,0.4598,0.8995686251401901
credal_relative_likelihood,0.6,2.0,0.461,0.8966821355462075
credal_relative_likelihood,0.6,3.0,0.4473,0.8970287647008895
credal_relative_likelihood,0.8,1.0,0.4098,0.9287057670593262
credal_relative_likelihood,0.8,2.0,0.4001,0.9262679672837256
credal_relative_likelihood,0.8,3.0,0.4141,0.9250081073820592
credal_relative_likelihood,0.9,1.0,0.3391,0.93920827704072
credal_relative_likelihood,0.9,2.0,0.3378,0.9398321373283864
credal_relative_likelihood,0.9,3.0,0.3093,0.9403323872387408
credal_relative_likelihood,0.95,1.0,0.3001,0.9461927871286868
credal_relative_likelihood,0.95,2.0,0.274,0.94856724691391
credal_relative_likelihood,0.95,3.0,0.2988,0.946100277209282
credal_relative_likelihood,1.0,1.0,0.3181,0.9735833411589264
credal_relative_likelihood,1.0,2.0,0.3452,0.9722762719094752
credal_relative_likelihood,1.0,3.0,0.3279,0.972985131430626
credal_rl_multinomial,0.0,1.0,1.0,0.0
credal_rl_multinomial,0.0,2.0,1.0,0.0
credal_rl_multinomial,0.0,3.0,1.0,0.0
credal_rl_multinomial,0.2,1.0,0.9225,0.7005777945518493
credal_rl_multinomial,0.2,2.0,0.9229,0.7041021928787231
credal_rl_multinomial,0.2,3.0,0.9254,0.6884558891773224
credal_rl_multinomial,0.4,1.0,0.8567,0.744529695224762
credal_rl_multinomial,0.4,2.0,0.8578,0.748764196896553
credal_rl_multinomial,0.4,3.0,0.8648,0.7330133956432342
credal_rl_multinomial,0.6,1.0,0.76,0.777766896533966
credal_rl_multinomial,0.6,2.0,0.7527,0.782370798265934
credal_rl_multinomial,0.6,3.0,0.7654,0.7671195952892303
credal_rl_multinomial,0.8,1.0,0.657,0.8102451991558075
credal_rl_multinomial,0.8,2.0,0.6483,0.8153133004307747
credal_rl_multinomial,0.8,3.0,0.6599,0.8012339086055755
credal_rl_multinomial,0.9,1.0,0.6105,0.8302651990175247
credal_rl_multinomial,0.9,2.0,0.6038,0.836122409594059
credal_rl_multinomial,0.9,3.0,0.6201,0.8228246982097626
credal_rl_multinomial,0.95,1.0,0.5876,0.8446149998903274
credal_rl_multinomial,0.95,2.0,0.5828,0.8513246999502182
credal_rl_multinomial,0.95,3.0,0.5951,0.8383704993009568
credal_rl_multinomial,1.0,1.0,0.4305,1.0
credal_rl_multinomial,1.0,2.0,0.4304,1.0
credal_rl_multinomial,1.0,3.0,0.4289,1.0
credal_wrapper,,1.0,0.1452,0.9751022287577392
credal_wrapper,,2.0,0.1468,0.9751476490065456
credal_wrapper,,3.0,0.148,0.9747828088968992
efficient_credal_prediction,0.0,1.0,1.0,0.0
efficient_credal_prediction,0.0,2.0,1.0,0.0
efficient_credal_prediction,0.0,3.0,1.0,0.0
efficient_credal_prediction,0.2,1.0,0.9952,0.15867788171768188
efficient_credal_prediction,0.2,2.0,0.9949,0.16124986143112183
efficient_credal_prediction,0.2,3.0,0.9947,0.16140214128494262
efficient_credal_prediction,0.4,1.0,0.9916,0.32380611963272093
efficient_credal_prediction,0.4,2.0,0.9904,0.3285457449913025
efficient_credal_prediction,0.4,3.0,0.9913,0.3274494794845581
efficient_credal_prediction,0.6,1.0,0.9871,0.4880569627761841
efficient_credal_prediction,0.6,2.0,0.9845,0.4941419891357422
efficient_credal_prediction,0.6,3.0,0.9864,0.4916682223320007
efficient_credal_prediction,0.8,1.0,0.9712,0.6668332720279694
efficient_credal_prediction,0.8,2.0,0.9696,0.6734128922939301
efficient_credal_prediction,0.8,3.0,0.9697,0.6700353035449982
efficient_credal_prediction,0.9,1.0,0.9413,0.7827083867311477
efficient_credal_prediction,0.9,2.0,0.939,0.7891595267295838
efficient_credal_prediction,0.9,3.0,0.9408,0.7857104665994644
efficient_credal_prediction,0.95,1.0,0.8925,0.8595756675958633
efficient_credal_prediction,0.95,2.0,0.882,0.8652782367944717
efficient_credal_prediction,0.95,3.0,0.8873,0.8621026876091957
efficient_credal_prediction,1.0,1.0,0.0448,0.999480929994979
efficient_credal_prediction,1.0,2.0,0.0317,0.9995909799953456
efficient_credal_prediction,1.0,3.0,0.04,0.9996235099974904
