m_landmarks,kmeans_seed,kmeans_s,test_s,auroc_cifar100,auroc_tin,auroc_mnist,auroc_svhn,auroc_textures,auroc_places365
45000,,,3.204730489756912,0.89767431,0.89713315,0.957995,0.94756309,0.9448772068809416,0.9082228
20000,1,2172.96184594417,3.3984261360019445,0.895382505,0.89531911,0.95735048,0.94640312,0.9442171231326393,0.90688914
20000,2,2152.19444588013,3.373503141105175,0.8951524650000002,0.89520843,0.95762082,0.94644539,0.944533725667723,0.90720278
20000,3,2196.883443860803,3.210099878255278,0.8952564849999999,0.8952504400000001,0.95738985,0.94649277,0.9444890221819829,0.90765249
10000,1,293.90456792898476,3.2530507328920066,0.894648325,0.89482514,0.9568345,0.9456642699999999,0.9440581145314623,0.90797973
10000,2,278.1430779667571,3.308590850327164,0.894604595,0.89479434,0.95690825,0.9459226199999999,0.944084427342689,0.9079965200000001
10000,3,288.462963135913,3.379584640264511,0.8947623849999999,0.8950146600000001,0.95691277,0.94601047,0.9444454504300588,0.90803205
5000,1,138.79013483505696,3.3235513721592724,0.894591345,0.8946677300000001,0.9565648099999999,0.9454900499999999,0.9438244114984156,0.9075666999999998
5000,2,139.76535709388554,3.26887416979298,0.894770775,0.89495439,0.95654337,0.94558685,0.9440779198732457,0.9076658500000001
5000,3,148.4805007269606,3.2326266020536423,0.8948213649999999,0.89507449,0.9565016700000001,0.94546877,0.9442386260751472,0.90804496
2000,1,58.53188558621332,3.3701795330271125,0.895005115,0.8950255600000001,0.95622075,0.9453751499999999,0.9439955862381167,0.9077133800000001
2000,2,57.39163964660838,3.198157573584467,0.8948018350000001,0.89491529,0.9559153100000001,0.9454288700000001,0.9439401312811226,0.90741224
2000,3,59.17439429694787,3.209375545848161,0.8947630549999999,0.8948411700000001,0.9559569499999999,0.94491642,0.9437771616115889,0.90749889
1000,1,28.663941523991525,3.1650512600317597,0.8947956850000001,0.8948232300000001,0.9554330999999999,0.9448010900000001,0.9437454730647351,0.90749548
1000,2,28.54137438116595,3.227651096880436,0.894759385,0.89476509,0.9554934500000001,0.9446463100000001,0.9435844839293799,0.9076076200000001
1000,3,28.21089977538213,3.3105487660504878,0.8948223549999998,0.8948290799999999,0.9559386200000002,0.9453058000000001,0.9439225894069714,0.9076156900000001
